event_id,event_type,repo_name,actor_login,created_at,is_public
9931473214,PushEvent,github-analyser,Anamika1608,2026-03-28T18:30:45Z,true
9931256690,PushEvent,github-analyser,Anamika1608,2026-03-28T18:19:22Z,true
9930943960,PushEvent,github-analyser,Anamika1608,2026-03-28T18:02:36Z,true
9916456438,CreateEvent,github-analyser,Anamika1608,2026-03-28T04:16:30Z,true
7834464553,IssueCommentEvent,dataframe,Anamika1608,2026-03-27T13:04:30Z,true
9889368812,PushEvent,dataframe,Anamika1608,2026-03-27T12:00:26Z,true
9858387147,PushEvent,my-oss-contributions,Anamika1608,2026-03-26T17:18:19Z,true
9835911002,PushEvent,dataframe,Anamika1608,2026-03-26T08:01:22Z,true
7736278740,PullRequestEvent,dataframe,Anamika1608,2026-03-25T08:32:33Z,true
7735642318,WatchEvent,Maestro,Anamika1608,2026-03-25T08:12:38Z,true
7733717435,IssueCommentEvent,dataframe,Anamika1608,2026-03-25T07:04:24Z,true
9786658164,PushEvent,dataframe,Anamika1608,2026-03-25T07:03:43Z,true
7733637723,PullRequestReviewEvent,dataframe,Anamika1608,2026-03-25T07:01:18Z,true
7733637083,PullRequestReviewCommentEvent,dataframe,Anamika1608,2026-03-25T07:01:17Z,true
9786561039,PushEvent,dataframe,Anamika1608,2026-03-25T07:00:50Z,true
9786474428,PushEvent,dataframe,Anamika1608,2026-03-25T06:58:17Z,true
9786005466,PushEvent,dataframe,Anamika1608,2026-03-25T06:42:34Z,true
9777469317,PushEvent,dataframe,Anamika1608,2026-03-25T00:49:00Z,true
7634336882,IssueCommentEvent,dataframe,Anamika1608,2026-03-22T07:55:36Z,true
7634334988,PullRequestReviewEvent,dataframe,Anamika1608,2026-03-22T07:55:23Z,true
7634334747,PullRequestReviewCommentEvent,dataframe,Anamika1608,2026-03-22T07:55:21Z,true
9670162681,PushEvent,dataframe,Anamika1608,2026-03-22T06:00:47Z,true
9662069508,PushEvent,dataframe,Anamika1608,2026-03-21T20:41:11Z,true
9661700219,PushEvent,dataframe,Anamika1608,2026-03-21T20:20:20Z,true
7627336209,PullRequestReviewEvent,dataframe,Anamika1608,2026-03-21T20:16:17Z,true
7627335857,PullRequestReviewCommentEvent,dataframe,Anamika1608,2026-03-21T20:16:15Z,true
7621062355,IssueCommentEvent,dataframe,Anamika1608,2026-03-21T11:26:10Z,true
9652073995,PushEvent,dataframe,Anamika1608,2026-03-21T11:23:08Z,true
9652000620,PushEvent,dataframe,Anamika1608,2026-03-21T11:18:28Z,true
9651848259,PushEvent,dataframe,Anamika1608,2026-03-21T11:08:38Z,true
9624795156,PushEvent,dataframe,Anamika1608,2026-03-20T13:51:53Z,true
7583348321,IssueCommentEvent,dataframe,Anamika1608,2026-03-20T03:36:24Z,true
7583326734,PullRequestEvent,dataframe,Anamika1608,2026-03-20T03:35:00Z,true
9608529362,CreateEvent,dataframe,Anamika1608,2026-03-20T03:34:46Z,true
7582826757,IssueCommentEvent,dataframe,Anamika1608,2026-03-20T03:01:56Z,true
7580495486,PullRequestEvent,behavioral-model,Anamika1608,2026-03-20T00:37:57Z,true
7580480778,PullRequestEvent,ptf,Anamika1608,2026-03-20T00:37:02Z,true
7577286039,IssueCommentEvent,dataframe,Anamika1608,2026-03-19T22:18:49Z,true
9600532616,PushEvent,dataframe,Anamika1608,2026-03-19T21:25:03Z,true
7575669049,IssueCommentEvent,behavioral-model,Anamika1608,2026-03-19T21:12:31Z,true
7575642608,IssueCommentEvent,ptf,Anamika1608,2026-03-19T21:11:33Z,true
9600124134,PushEvent,behavioral-model,Anamika1608,2026-03-19T21:10:45Z,true
9600118275,PushEvent,ptf,Anamika1608,2026-03-19T21:10:33Z,true
9582128907,PushEvent,Frame.fodrix-sanity,Anamika1608,2026-03-19T12:41:16Z,true
9564906108,PushEvent,dataframe,Anamika1608,2026-03-19T01:56:52Z,true
7484839656,PullRequestEvent,dataframe,Anamika1608,2026-03-17T15:53:34Z,true
9497030663,PushEvent,ptf,Anamika1608,2026-03-17T13:25:42Z,true
7446880643,IssueCommentEvent,dataframe,Anamika1608,2026-03-16T16:39:15Z,true
9460747915,PushEvent,dataframe,Anamika1608,2026-03-16T16:34:34Z,true
7446684053,PullRequestEvent,dataframe,Anamika1608,2026-03-16T16:33:46Z,true
9460695409,PushEvent,dataframe,Anamika1608,2026-03-16T16:33:10Z,true
9442383545,CreateEvent,dataframe,Anamika1608,2026-03-16T08:10:22Z,true
9442358549,PushEvent,dataframe,Anamika1608,2026-03-16T08:09:33Z,true
7411064663,IssueCommentEvent,Mini-ChatBox,Anamika1608,2026-03-15T08:36:10Z,true
7802702155,PullRequestEvent,Mini-ChatBox,Anamika1608,2026-03-15T08:36:10Z,true
7398016252,IssueCommentEvent,Mini-ChatBox,Anamika1608,2026-03-14T10:34:50Z,true
7397628651,IssueCommentEvent,Mini-ChatBox,Anamika1608,2026-03-14T09:53:08Z,true
7397615244,IssueCommentEvent,Mini-ChatBox,Anamika1608,2026-03-14T09:51:43Z,true
7397570636,IssueCommentEvent,Mini-ChatBox,Anamika1608,2026-03-14T09:46:32Z,true
7381690119,IssueCommentEvent,Mini-ChatBox,Anamika1608,2026-03-13T17:29:54Z,true
7381672080,IssueCommentEvent,Mini-ChatBox,Anamika1608,2026-03-13T17:29:20Z,true
9373439059,PushEvent,Mini-ChatBox,Anamika1608,2026-03-13T17:28:41Z,true
9373204620,CreateEvent,Mini-ChatBox,Anamika1608,2026-03-13T17:21:28Z,true
9373058906,PushEvent,Mini-ChatBox,Anamika1608,2026-03-13T17:17:06Z,true
7381213595,PullRequestEvent,Mini-ChatBox,Anamika1608,2026-03-13T17:14:49Z,true
9372965201,CreateEvent,Mini-ChatBox,Anamika1608,2026-03-13T17:14:24Z,true
7380932407,ForkEvent,dataframe,Anamika1608,2026-03-13T17:05:58Z,true
7378690195,IssueCommentEvent,Mini-ChatBox,Anamika1608,2026-03-13T15:57:47Z,true
7377703681,PullRequestEvent,Mini-ChatBox,Anamika1608,2026-03-13T15:29:06Z,true
9369233798,CreateEvent,Mini-ChatBox,Anamika1608,2026-03-13T15:27:35Z,true
9334843716,PushEvent,portfolio,Anamika1608,2026-03-12T18:55:50Z,true
9333975010,PushEvent,Detoxie,Anamika1608,2026-03-12T18:29:41Z,true
9289329947,PushEvent,ptf,Anamika1608,2026-03-11T18:09:26Z,true
7303543510,PullRequestEvent,ptf,Anamika1608,2026-03-11T18:09:24Z,true
7303540630,PullRequestEvent,ptf,Anamika1608,2026-03-11T18:09:22Z,true
9289322369,CreateEvent,ptf,Anamika1608,2026-03-11T18:09:13Z,true
9289285284,PushEvent,behavioral-model,Anamika1608,2026-03-11T18:08:07Z,true
7303488262,PullRequestEvent,ptf,Anamika1608,2026-03-11T18:07:42Z,true
7303496243,PullRequestEvent,ptf,Anamika1608,2026-03-11T18:07:42Z,true
9289214384,PushEvent,behavioral-model,Anamika1608,2026-03-11T18:06:02Z,true
9289211460,PushEvent,ptf,Anamika1608,2026-03-11T18:05:56Z,true
9289050818,PushEvent,my-oss-contributions,Anamika1608,2026-03-11T18:01:30Z,true
7263337136,IssueCommentEvent,project-ideas,Anamika1608,2026-03-10T17:58:26Z,true
9246227858,PushEvent,behavioral-model,Anamika1608,2026-03-10T17:57:50Z,true
9246224868,PushEvent,ptf,Anamika1608,2026-03-10T17:57:45Z,true
7263284352,PullRequestEvent,behavioral-model,Anamika1608,2026-03-10T17:56:45Z,true
7263282568,PullRequestEvent,ptf,Anamika1608,2026-03-10T17:56:42Z,true
9246180621,CreateEvent,behavioral-model,Anamika1608,2026-03-10T17:56:32Z,true
9246176763,CreateEvent,ptf,Anamika1608,2026-03-10T17:56:26Z,true
9246041872,PushEvent,ptf,Anamika1608,2026-03-10T17:52:38Z,true
9246040967,PushEvent,behavioral-model,Anamika1608,2026-03-10T17:52:36Z,true
9246010144,PushEvent,behavioral-model,Anamika1608,2026-03-10T17:51:40Z,true
7263126582,PullRequestEvent,behavioral-model,Anamika1608,2026-03-10T17:51:38Z,true
7263124475,PullRequestEvent,behavioral-model,Anamika1608,2026-03-10T17:51:36Z,true
9246007074,PushEvent,ptf,Anamika1608,2026-03-10T17:51:34Z,true
7263123468,PullRequestEvent,ptf,Anamika1608,2026-03-10T17:51:33Z,true
7263121649,PullRequestEvent,ptf,Anamika1608,2026-03-10T17:51:30Z,true
9246000845,PushEvent,behavioral-model,Anamika1608,2026-03-10T17:51:23Z,true
9246000005,PushEvent,ptf,Anamika1608,2026-03-10T17:51:22Z,true
9245947798,PushEvent,behavioral-model,Anamika1608,2026-03-10T17:49:49Z,true
7263071200,PullRequestEvent,behavioral-model,Anamika1608,2026-03-10T17:49:48Z,true
7263068896,PullRequestEvent,behavioral-model,Anamika1608,2026-03-10T17:49:46Z,true
9245945101,PushEvent,ptf,Anamika1608,2026-03-10T17:49:44Z,true
7263068505,PullRequestEvent,ptf,Anamika1608,2026-03-10T17:49:43Z,true
7263064822,PullRequestEvent,ptf,Anamika1608,2026-03-10T17:49:37Z,true
9245937429,CreateEvent,behavioral-model,Anamika1608,2026-03-10T17:49:29Z,true
9245933802,CreateEvent,ptf,Anamika1608,2026-03-10T17:49:23Z,true
7262822814,ForkEvent,ptf,Anamika1608,2026-03-10T17:41:51Z,true
7254850584,IssueCommentEvent,project-ideas,Anamika1608,2026-03-10T14:13:17Z,true
7254793010,IssueCommentEvent,tutorials,Anamika1608,2026-03-10T14:11:48Z,true
9236428832,PushEvent,tutorials,Anamika1608,2026-03-10T13:41:39Z,true
9235679693,PushEvent,tutorials,Anamika1608,2026-03-10T13:22:09Z,true
9234648634,PushEvent,tutorials,Anamika1608,2026-03-10T12:55:12Z,true
9234570508,PushEvent,tutorials,Anamika1608,2026-03-10T12:53:06Z,true
7223977524,IssueCommentEvent,project-ideas,Anamika1608,2026-03-09T18:06:52Z,true
7223909691,PullRequestEvent,tutorials,Anamika1608,2026-03-09T18:04:46Z,true
9204163341,CreateEvent,tutorials,Anamika1608,2026-03-09T18:04:20Z,true
7223891148,ForkEvent,tutorials,Anamika1608,2026-03-09T18:04:08Z,true
7189449836,IssueCommentEvent,project-ideas,Anamika1608,2026-03-08T14:50:51Z,true
7188661935,IssueCommentEvent,project-ideas,Anamika1608,2026-03-08T13:27:07Z,true
7187930745,ForkEvent,PI,Anamika1608,2026-03-08T12:06:29Z,true
7187285424,ForkEvent,p4c,Anamika1608,2026-03-08T10:48:30Z,true
7187140410,IssueCommentEvent,project-ideas,Anamika1608,2026-03-08T10:29:44Z,true
7187050655,IssueCommentEvent,behavioral-model,Anamika1608,2026-03-08T10:17:47Z,true
7181296159,ForkEvent,p4runtime,Anamika1608,2026-03-07T23:10:05Z,true
7181206778,ForkEvent,behavioral-model,Anamika1608,2026-03-07T22:59:30Z,true
7011107324,WatchEvent,PageIndex,Anamika1608,2026-03-02T16:53:05Z,true
6983253175,ForkEvent,graph-algorithms,Anamika1608,2026-03-01T18:01:36Z,true
